"//Vector File","Vector Set No"
"por_enable_h",0
"write_default_reg",1
"sdio_voh",2
"sdio_vol",3
"write_dietemp",4
"write_init_serial_ck_brd_1p8v",5
"write_init_serial_ck_brd_2p5v",6
"write_init_serial_ck_brd_3p3v",7
"write_p1_reg7_mode_active",8
"write_p1_reg7_mode_idle",9
"write_vit_vhys_1p8",10
"write_p1_reg7_mode_sleep",11
"read_i",12
"write_rout",13
"write_power_i",14
"write_ir_sup",15
"write_vr_hds_hr0",16
"write_vr_hds_hr1",17
"write_p1_reg5_bias_v_0",18
"write_p1_reg5_bias_v_64",19
"write_p1_reg5_bias_v_128",20
"write_p1_reg5_bias_v_192",21
"write_p1_reg5_bias_v_252",22
"write_reader_vocm_ibias",23
"write_init_gain_sup",24
"write_p1_reg1_hsel_0",25
"write_p1_reg1_hsel_1",26
"write_Iw_sup_init",27
"write_ro_hw0",28
"write_ro_hw1",29
"write_p2_reg14_writeroutz_0",30
"write_p2_reg14_writeroutz_1",31
"write_p2_reg14_writeroutz_2",32
"write_Iw_step_init_hw0",33
"write_Iw_step_init_hw1",34
"write_p1_reg2_iw_0",35
"write_p1_reg2_iw_1",36
"write_p1_reg2_iw_2",37
"write_p1_reg2_iw_4",38
"write_p1_reg2_iw_8",39
"write_p1_reg2_iw_16",40
"write_p1_reg2_iw_32",41
"write_p1_reg2_iw_63",42
"write_mrhv_ibias_rd_hr0",43
"write_mrhv_ibias_rd_hr1",44
"write_mrhv_wt_hr0",45
"write_mrhv_wt_hr1",46
"write_hsel0_ibias_dac0",47
"write_hsel0_ibias_dac1",48
"write_hsel0_ibias_dac2",49
"write_hsel0_ibias_dac3",50
"write_hsel0_ibias_dac4",51
"write_hsel0_ibias_dac5",52
"write_hsel0_ibias_dac6",53
"write_hsel0_ibias_dac7",54
"write_hsel0_ibias_dac8",55
"write_hsel0_ibias_dac9",56
"write_hsel0_ibias_dac10",57
"write_hsel0_ibias_dac11",58
"write_hsel0_ibias_dac12",59
"write_hsel1_ibias_dac0",60
"write_hsel1_ibias_dac1",61
"write_hsel1_ibias_dac2",62
"write_hsel1_ibias_dac3",63
"write_hsel1_ibias_dac4",64
"write_hsel1_ibias_dac5",65
"write_hsel1_ibias_dac6",66
"write_hsel1_ibias_dac7",67
"write_hsel1_ibias_dac8",68
"write_hsel1_ibias_dac9",69
"write_hsel1_ibias_dac10",70
"write_hsel1_ibias_dac11",71
"write_hsel1_ibias_dac12",72
"write_p1_reg4_readerinputz_0",73
"write_p1_reg4_readerinputz",74
"write_p1_reg4_readerinputz2",75
"write_p1_reg4_readerinputz3",76
"write_ir_hds_hr0",77
"write_ir_hds_hr1",78
"write_p1_reg6_p2_reg14_DeGaussDisable",79
"write_p1_reg7_wtr_off_SmartPwrRead",80
"write_power_3p3",81
"write_power_i",82
"write_power_sby_wsby",83
"write_p1_reg6_p2_reg14_DeGaussEnable",84
"write_iw_wsby",85
"write_iw_wps",86
"write_icc_r_wps",87
"write_icc_FHS",88
"write_icc_w",89
"write_osd_spd",90
"write_p1_reg3_osd_0",91
"write_p1_reg3_osd_1",92
"write_p1_reg3_osd_2",93
"write_p1_reg3_osd_4",94
"write_p1_reg3_osd_8",95
"write_p1_reg3_osd_16",96
"write_p1_reg3_osd_31",97
"write_sbhi_init",98
"write_p2_reg2_fhs_bias_v_16",99
"write_p2_reg2_fhs_bias_v_32",100
"write_p2_reg2_fhs_bias_v_63",101
"write_p1_reg15_b1b2b6",102
"write_vp15_k0_wrtregtune",103
"write_vn15_k0_wrtregtune",104
"write_amux_volt_vinpbias",105
"write_amux_volt_vp33wh_rd",106
"write_amux_volt_vp33r",107
"write_amux_volt_vn33_vcc_wt",108
"write_amux_volt_vn33_vcc_rd",109
"write_amux_volt_vn33_vcc_id",110
"write_amux_volt_vp33w_rd",111
"write_amux_volt_vp33w_wt",112
"write_amux_volt_vp33wh_wt",113
"write_amux_volt_vp33w_slp",114
"write_amux_volt_vp33ptn",115
"write_hsel_0",116
"write_hsel_1",117
"write_rdbhv_hr0",118
"write_rdbhv_hr1",119
"write_wdbhv_init",120
"write_adc_hi",121
"write_adc_lo",122
"write_wbhv_hr0",123
"write_wbhv_hr1",124
"write_iss_6",125
"write_rbhv_hr0",126
"write_rbhv_hr1",127
"write_rbhv_40mv",128
"write_rbhv_60mv",129
"write_rbhv_80mv",130
"write_rbhv_100mv",131
"write_rbhv_120mv",132
"write_rbhv_140mv",133
"write_rbhv_160mv",134
"write_rbhv_180mv",135
"write_rbhv_215mv",136
"write_rbhv_vos",137
"write_rbhv_vosc",138
"bias_i_7",139
"bias_i_45",140
"bias_v_0",141
"bias_v_63",142
"write_rdbhi_hr0",143
"write_rdbhi_hr1",144
"write_rdbhvc_hr0",145
"write_rdbhvc_hr1",146
"write_p1_reg5_bias_v_242",147
"write_p1_reg5_bias_v_121",148
"write_mrhv_id_hr0",149
"write_mrhv_id_hr1",150
"write_p1_reg5_bias_i_15_imroffsetN_1",151
"write_p1_reg5_bias_i_18_imroffsetN_0",152
"write_p1_reg5_bias_i_45_imroffsetN_1",153
"write_p1_reg5_bias_i_49_imroffsetN_0",154
"write_p1_reg5_bias_i_76_imroffsetN_1",155
"write_fhcr_init",156
"write_p1_reg7_digon",157
"write_autocalreset_hsel_0",158
"write_autocalreset_hsel_1",159
"write_calsuccess",160
"write_autocalresult_hsel_0",161
"write_autocalresult_hsel_1",162
"read_p1_reg0",163
"read_p1_reg1",164
"read_p1_reg2",165
"read_p1_reg3",166
"read_p1_reg4",167
"read_p1_reg5",168
"read_p1_reg6",169
"read_p1_reg7",170
"read_p1_reg8",171
"read_p1_reg9",172
"read_p1_reg10",173
"read_p1_reg11",174
"read_p1_reg12",175
"read_p1_reg13",176
"read_p1_reg14",177
"read_p1_reg15",178
"read_p2_reg0",179
"read_p2_reg1",180
"read_p2_reg2",181
"read_p2_reg3",182
"read_p2_reg4",183
"read_p2_reg5",184
"read_p2_reg6",185
"read_p2_reg7",186
"read_p2_reg8",187
"read_p2_reg9",188
"read_p2_reg10",189
"read_p2_reg11",190
"read_p2_reg12",191
"read_p2_reg13",192
"read_p2_reg14",193
"read_p2_reg15",194
"read_p4_reg0",195
"read_p4_reg1",196
"read_p4_reg2",197
"read_p4_reg3",198
"read_p4_reg4",199
"read_p4_reg5",200
"read_p4_reg6",201
"read_p4_reg7",202
"read_p4_reg8",203
"read_p4_reg9",204
"read_p4_reg10",205
"read_p4_reg11",206
"read_p4_reg12",207
"read_p4_reg13",208
"read_p4_reg14",209
"read_p4_reg15",210
"read_p3_reg5",211
"write_heater_sup",212
"write_p1_reg1_hsel0",213
"write_p1_reg1_hsel1",214
"write_p1_reg1_unsel_hsel0",215
"write_p1_reg1_unsel_hsel1",216
"write_amux_curr_lvt_nmos_ioff",217
"write_p3_reg9_rwtesta_64",218
"write_p3_reg9_rwtesta_128",219
"write_p3_reg9_rwtesta_0",220
"write_amux_curr_inp25",221
"write_amux_curr_ibptest",222
"write_amux_curr_pnpbeta",223
"write_amux_curr_npnbeta",224
"write_icc_r_wsb",225
"write_iw_spw",226
"write_power_spw",227
"write_power_w_ac0",228
"write_power_w_ac1",229
"write_power_w_dc0",230
"write_power_w_dc1",231
"write_sby_wps_wrtpwrsave_disable",232
"write_sby_wps_wrtpwrsave_enable",233
"write_p1_reg5_bias_v_80",234
"write_p1_reg5_bias_v_161",235
"write_dgf_00_400Mbps",236
"write_dgf_01_650Mbps",237
"write_dgf_02_800Mbps",238
"write_dgf_03_1100Mbps",239
"write_dgf_04_1600Mbps",240
"write_dgf_05_2200Mbps",241
"write_dgf_06_2500Mbps",242
"write_dgf_07_3300Mbps",243
"write_dgf_maxfreq",244
"write_dgf_minfreq",245
"write_adietemp",246
"write_heater_slew_pt_h0",247
"write_p2_reg14_slew_0",248
"write_p2_reg14_slew_1",249
"write_heater_hds_pt_prng0_h0",250
"write_heater_hds_pt_prng0_h1",251
"write_heater_hds_pt_prng1_h0",252
"write_heater_hds_pt_prng1_h1",253
"write_heater_hds_vt_h0",254
"write_heater_hds_vt_h1",255
"write_heater_rng0_r_k16",256
"write_heater_rng0_r_k32",257
"write_heater_rng0_r_k64",258
"write_heater_rng0_r_k128",259
"write_heater_rng0_r_k129",260
"write_heater_rng0_r_k130",261
"write_heater_rng0_r_k132",262
"write_heater_rng0_r_k136",263
"write_heater_rng0_r_k198",264
"write_heater_rng0_r_k255",265
"write_hsel0_ibias_dac8_zdin0",266
"write_hsel0_ibias_dac8_zdin1",267
"write_hsel0_ibias_dac8_zdin2",268
"write_hsel0_ibias_dac8_zdin3",269
"write_heater_rng1_r_k0",270
"write_heater_rng1_r_k1",271
"write_heater_rng1_r_k241",272
"write_heater_rng0_w_k1",273
"write_heater_rng0_w_k185",274
"write_heater_rng1_w_k1",275
"write_heater_rng1_w_k93",276
"write_heater_rng1_vt_h0",277
"write_heater_rng0_vt_h0",278
"write_rbhi_hr0",279
"write_rbhi_hr1",280
"write_iw_35",281
"write_dgt_pulse_tdg0",282
"write_dgt_tdg1",283
"write_dgt_tdg2",284
"write_dgt_tdg3",285
"write_dgt_tdg4",286
"write_dgt_tdg5",287
"write_dgt_tdg6",288
"write_dgt_tdg7",289
"write_dgt_osc",290
"write_p1_reg7_digon_dly",291
"write_osa_step_init_hw0",292
"write_osa_step_init_hw1",293
"write_p1_reg3_iss_0_ios_0",294
"write_p1_reg3_iss_0_ios_1",295
"write_p1_reg3_iss_0_ios_2",296
"write_p1_reg3_iss_0_ios_4",297
"write_p1_reg3_iss_0_ios_8",298
"write_p1_reg3_iss_0_ios_15",299
"write_heater_rng0_vt_h1",300
"write_heater_rng1_vt_h1",301
"write_reader_vos_ibias_gain0",302
"write_reader_vos_ibias_gain1",303
"write_reader_vos_ibias_gain2",304
"write_reader_vos_ibias_gain3",305
"write_reader_vos_ibias_gain4",306
"write_reader_vos_ibias_gain5",307
"write_reader_vos_ibias_gain6",308
"write_reader_vos_ibias_gain7",309
"write_reader_vos_ibias_gain8",310
"write_reader_vos_ibias_gain9",311
"write_reader_vos_ibias_gain10",312
"write_reader_vos_ibias_gain11",313
"write_reader_vos_ibias_gain12",314
"write_reader_vos_ibias_gain13",315
"write_reader_vos_ibias_gain14",316
"write_reader_vos_ibias_gain15",317
"write_reader_vos_ibias_gain0_fastrec",318
"write_reader_vos_ibias_gain1_fastrec",319
"write_reader_vos_ibias_gain2_fastrec",320
"write_reader_vos_ibias_gain3_fastrec",321
"write_reader_vos_ibias_gain4_fastrec",322
"write_reader_vos_ibias_gain5_fastrec",323
"write_reader_vos_ibias_gain6_fastrec",324
"write_reader_vos_ibias_gain7_fastrec",325
"write_reader_vos_ibias_gain8_fastrec",326
"write_reader_vos_ibias_gain9_fastrec",327
"write_reader_vos_ibias_gain10_fastrec",328
"write_reader_vos_ibias_gain11_fastrec",329
"write_reader_vos_ibias_gain12_fastrec",330
"write_reader_vos_ibias_gain13_fastrec",331
"write_reader_vos_ibias_gain14_fastrec",332
"write_reader_vos_ibias_gain15_fastrec",333
"write_reader_vos_ibias_lfp",334
"write_reader_vos_ibias_maxbias",335
"write_reader_vos_ibias_minbias",336
"write_vos_ibias",337
"write_rw_timing_hw0",338
"write_rw_timing_hw1",339
"write_rw_timing_trig_0",340
"write_rw_timing_trig_1",341
"write_fhs_bias_sup",342
"write_vfhs_rng0_bias_0",343
"write_vfhs_rng0_bias_32",344
"write_vfhs_rng0_bias_64",345
"write_vfhs_bias_hds_hs0",346
"write_vfhs_rng0_bias_96",347
"write_vfhs_rng0_bias_127",348
"write_vfhs_rng1_bias_0",349
"write_vfhs_rng1_bias_32",350
"write_vfhs_rng1_bias_64",351
"write_vfhs_rng1_bias_96",352
"write_vfhs_rng1_bias_127",353
"write_vfhs_rng2_bias_0",354
"write_vfhs_rng2_bias_32",355
"write_vfhs_rng2_bias_64",356
"write_vfhs_rng2_bias_96",357
"write_vfhs_rng2_bias_127",358
"write_vfhs_bias_hds_hs1",359
"write_general_timing_hsel_0",360
"write_p1_reg1_hsel_1_trig_sync_spe",361
"write_p1_reg5_bias_timing_128_to_255_trig_sync_spe",362
"write_rwn_sync",363
"write_wr_timing_ibias_hr0",364
"write_wr_timing_ibias_hr1",365
"write_wr_timing_vbias_hr0",366
"write_wr_timing_vbias_hr1",367
"write_itr_timing_act_to_idle_trig_sync_spe",368
"write_itr_timing_act_to_slp_trig_sync_spe",369
"write_general_timing_hsel_1",370
"write_fhsv_idle",371
"write_fhsv_active",372
"write_fhsv_hs1",373
"write_fhsv_hs0",374
"write_hbhi_init",375
"write_p1_reg12_rheat_0",376
"write_p1_reg12_rheat_56",377
"write_p1_reg12_rheat_116",378
"write_p1_reg12_rheat_173",379
"write_heater_slew_h0",380
"write_heater_slew_h1",381
"write_heater_slew_0",382
"write_heater_slew_1",383
"write_reader_cpp",384
"write_mrrng_0",385
"write_mrrng_1",386
"write_mrrng_2",387
"write_mrrng_3",388
"write_mrrng_4",389
"write_mrrng_5",390
"write_p1_reg7_digon_dly_dfhen",391
"write_fhsgain_sup",392
"write_fhsgain_spd_hs0",393
"write_fhsgain_spd_hs1",394
"write_p2_reg5_FHSGAIN_0",395
"write_p2_reg5_FHSGAIN_1",396
"write_p2_reg5_FHSGAIN_2",397
"write_p2_reg5_FHSGAIN_3",398
"write_p2_reg5_FHSGAIN_4",399
"write_p2_reg5_FHSGAIN_5",400
"write_p2_reg5_FHSGAIN_6",401
"write_p2_reg5_FHSGAIN_7",402
"write_p2_reg5_fhsgain7_rng0",403
"write_p2_reg5_fhsgain7_rng1_3db",404
"write_p2_reg5_fhsgain7_rng2_6db",405
"write_p2_reg5_fhsgain7_rng3_9db",406
"write_lfp_ibias",407
"write_lfp_vbias",408
"write_lfp0",409
"write_lfp1",410
"write_lfp2",411
"write_lfp3",412
"write_lfp4",413
"write_lfp5",414
"write_lfp6",415
"write_lfp7",416
"write_p1_reg12_rheat_0_lo",417
"write_p1_reg12_rheat_56_lo",418
"write_p1_reg12_rheat_116_lo",419
"write_p1_reg12_rheat_173_lo",420
"write_sbhv_init",421
"write_p2_reg2_fhs_bias_i_sbhv500_7",422
"write_p2_reg2_fhs_bias_i_sbhv500_18",423
"write_p2_reg2_fhs_bias_i_sbhv500_29",424
"write_p2_reg2_fhs_bias_i_sbhv500_64",425
"write_p2_reg2_fhs_bias_i_sbhv500_127",426
"write_heater_blank_pt_h0",427
"write_heater_blank_pt_h1",428
"write_heater_blank_vt_h0",429
"write_heater_blank_vt_h1",430
"write_p2_reg14_heater_wr_blank0",431
"write_p2_reg14_heater_wr_blank1",432
"write_p2_reg2_fhs_bias_i_7",433
"write_p2_reg2_fhs_bias_i_18",434
"write_p2_reg2_fhs_bias_i_29",435
"write_p2_reg2_fhs_bias_i_41",436
"write_p2_reg2_fhs_bias_i_52",437
"write_wr_short_init",438
"write_wr_open_init",439
"write_heater_short",440
"write_heater_open",441
"write_fhs_vshort",442
"write_fhs_vopen",443
"write_p3_reg10_rwtestb_45",444
"write_p3_reg10_rwtestb_44",445
"write_temp_flt_ref",446
"write_temp_flt_ref_1",447
"write_temp_flt_sweep",448
"write_fhs_iopen",449
"write_fhs_ishort",450
"write_ireader_open",451
"write_reader_open",452
"write_fhs_dcdet",453
"write_fhs_dcdet_1",454
"write_fhs_dcdet_2",455
"write_vlo_vee_sply_flt_dn",456
"write_vlo_vee_sply_flt_up",457
"write_dgt",458
"write_dgt_enwritedata_tdg0",459
"write_dgt_dgdone_w2rdly0",460
"write_dgt_w2rdly1",461
"write_dgt_w2rdly2",462
"write_dgt_w2rdly3",463
"write_fhs_vtripN",464
"write_fhs_vtripN_1",465
"write_fhs_vtripN_2",466
"write_fhs_vtripN_3",467
"write_fhs_vtripN_4",468
"write_fhs_vtripN_5",469
"write_p3_reg10_rwtestb_4",470
"write_p3_reg10_rwtestb_5",471
"write_p3_reg10_rwtestb_130",472
"write_p3_reg10_rwtestb_131",473
"write_fhs_vtripP",474
"write_fhs_vtripP_1",475
"write_fhs_vtripP_2",476
"write_fhs_vtripP_3",477
"write_fhs_vtripP_4",478
"write_fhs_vtripP_5",479
"write_fhs_vtripP_dn",480
"write_fhs_vtripP_1_dn",481
"write_fhs_vtripP_2_dn",482
"write_fhs_vtripP_3_dn",483
"write_fhs_vtripP_4_dn",484
"write_fhs_vtripP_5_dn",485
"write_p3_reg10_rwtestb_6",486
"write_ht_power_noheat",487
"write_ht_power_vheat_lo",488
"write_ht_power_vheat_hi",489
"write_ht_power_pheat_lo",490
"write_ht_power_pheat_hi",491
"write_p1_reg3_rng1_osa0",492
"write_temp_flt",493
"write_p3_reg10_rwtestb_28",494
"write_flt_timing_0",495
"write_flt_stu",496
"write_flt_uts",497
"write_flt_stu_b",498
"write_flt_uts_b",499
"iwth",500
"iwth_1",501
"write_fhs_flt_vth",502
"write_p2_reg4_fhsvth_k0_00",503
"write_p2_reg4_fhsvth_k0_01",504
"write_p2_reg4_fhsvth_k0_10",505
"write_p2_reg4_fhsvth_k0_11",506
"write_p2_reg4_fhsvth_k1",507
"write_p2_reg4_fhsvth_k2",508
"write_p2_reg4_fhsvth_k3",509
"write_p2_reg4_fhsvth_k4",510
"write_p2_reg4_fhsvth_k5",511
"write_p2_reg4_fhsvth_k6",512
"write_p2_reg4_fhsvth_k7",513
"write_p2_reg4_fhsvth_k8",514
"write_p2_reg4_fhsvth_k9",515
"write_p2_reg4_fhsvth_k10",516
"write_p2_reg4_fhsvth_k11",517
"write_p2_reg4_fhsvth_k12",518
"write_p2_reg4_fhsvth_k13",519
"write_p2_reg4_fhsvth_k14",520
"write_p2_reg4_fhsvth_k15",521
"write_data",522
"write_data1p6ms",523
"write_dig_faults",524
"muxoffset_buffered",525
"muxoffset_cleanup",526
"muxoffset_unbuffered",527
"write_enable_testfuse",528
"write_testfuse_vref_15",529
"write_trim_readfuse",530
"write_trim_readmux_vref",531
"read_p3_reg4",532
"write_trim_readmux_atemp",533
"write_trim_readmux_iabs",534
"write_RNG0_500_0_fhsbias_0",535
"write_RNG0_500_0_fhsbias_16",536
"write_RNG0_500_0_fhsbias_32",537
"write_RNG0_500_0_fhsbias_48",538
"write_RNG0_500_0_fhsbias_63",539
"write_RNG1_500_0_fhsbias_0",540
"write_RNG1_500_0_fhsbias_16",541
"write_RNG1_500_0_fhsbias_32",542
"write_RNG1_500_0_fhsbias_48",543
"write_RNG1_500_0_fhsbias_63",544
"write_RNG2_500_1_fhsbias_0",545
"write_RNG2_500_1_fhsbias_16",546
"write_RNG2_500_1_fhsbias_32",547
"write_RNG2_500_1_fhsbias_48",548
"write_RNG2_500_1_fhsbias_63",549
"write_ifhs_bias_hds_hs0",550
"write_ifhs_bias_hds_hs1",551
"write_fhsbias_7",552
"write_fhsbias_18",553
"write_fhsbias_29",554
"write_fhsbias_41",555
"write_fhsbias_52",556
"write_fhs_dmux",557
"prox_dacs_main",558
"write_dccancel_0",559
"write_dccancel_1",560
"ifhs_k9",561
"ifhs_k74",562
"ifhs_k117",563
"ifhs_k120",564
"ifhs_k123",565
"ifhs_k126",566
"write_dccancel_k_117",567
"write_dccancel_k_120",568
"write_dccancel_k_123",569
"write_dccancel_k_126",570
"write_trimlock_init",571
"write_reg5_bias_timing_128_to_255_trig_sync_spe",572
"write_drheat",573
"write_acerase_mux",574
"write_adc_time",575
"rd2wr_bias",576
"rd2wr_bias0",577
"rd2wr_bias1",578
"rd2wr_bias2",579
"write_prox_diffmux",580
"write_prox_diffmux_ibias_32",581
"write_prox_diffmux_ibias_31",582
"write_fault_sply_pulse",583
"write_dmux",584
"write_rwn0",585
"write_rwn1",586
"rwn_toggle",587
"rwn_0",588
"rwn_1",589
"write_fhs_dmux_fast",590
"write_fhs_dmux_fltmask",591
"write_fhs_dmux_sleep",592
"write_fhs_fhshfp2",593
"write_fhs_fhshfp3",594
"write_fhs_FODonMask",595
"write_fhs_rdwrmode",596
"write_fhs_rdwrnofastmode",597
"write_fhs_readfastmode",598
"write_fhs_readmode",599
"write_fhs_writefastmode",600
"write_fhs_writemode",601
"write_p1_reg7_digon_dly_fhcr",602
"write_ifhs_bias_sup",603
"write_vn15_k0_servo",604
"write_vp15_k0_servo",605
"write_servo",606
"write_heater_rsrv",607
"write_heater_wsrv",608
"ttr_write_p1_reg5_bias_v_0",609
"ttr_write_p1_reg5_bias_v_64",610
"ttr_write_p1_reg5_bias_v_128",611
"ttr_write_p1_reg5_bias_v_192",612
"ttr_write_p1_reg5_bias_v_252",613
"a_write_prox_detect",614
"write_fhsfltblank_22",615
"write_fhsfltblank_23",616
"write_fhsfltblank_24",617
"write_fhsfltblank_25",618
"write_fhsfltblank_26",619
"write_fhsfltblank_27",620
"write_fhsfltblank_28",621
"write_fhsfltblank_29",622
"write_fhsfltblank_30",623
"write_fhsfltblank_31",624
"write_fhsfltblank_32",625
"write_fhsfltblank_33",626
"write_fhsfltblank_34",627
"write_fhsfltblank_35",628
"write_fhsfltblank_36",629
"write_fhsfltblank_37",630
"write_fhsfltblank_38",631
"write_fhsfltblank_39",632
"write_fhsfltblank_40",633
"write_fhsfltblank_41",634
"write_fhsfltblank_42",635
"write_fhsfltblank_43",636
"write_fhsfltblank_44",637
"write_fhsfltblank_45",638
"write_fhsfltblank_46",639
"write_fhsfltblank_47",640
"write_fhsfltblank_48",641
"write_fhsfltblank_49",642
"write_fhsfltblank_50",643
"write_fhsfltblank_51",644
"write_fhsfltblank_52",645
"write_fhsfltblank_53",646
"write_fhsfltblank_54",647
"write_fhsfltblank_55",648
"write_fhsfltblank_56",649
"write_fhsfltblank_57",650
"write_fhsfltblank_58",651
"write_fhsfltblank_59",652
"write_fhsfltblank_60",653
"write_fhsfltblank_61",654
"write_fhsfltblank_62",655
"write_fhsfltblank_63",656
"write_fhsfltblank_64",657
"write_fhsfltblank_65",658
"write_proxdetect_fhsbias_31",659
"write_proxdetect_fhsbias_32",660
"write_proxdetect_dccancel",661
"write_proxdetect_dccancel_fhsgain0",662
"write_proxdetect_dccancel_fhsgain1",663
"write_proxdetect_dccancel_fhsgain2",664
"write_proxdetect_dccancel_fhsgain3",665
"write_proxdetect_dccancel_fhsgain4",666
"write_proxdetect_dccancel_fhsgain5",667
"write_proxdetect_dccancel_fhsgain6",668
"write_proxdetect_dccancel_fhsgain7",669
"write_proxdetect_dccancel_fhsfltblank_43",670
"write_proxdetect_dccancel_fhsfltblank_44",671
"write_fhs_mask_func",672
"write_fhs_mask_func_1",673
"write_fhs_mask_func_2",674
"write_fhs_mask_func_3",675
"write_fhs_mask_func_4",676
"write_fhs_mask_func_5",677
"write_fhs_mask_func_6",678
"write_fhs_FODonMask",679
"write_fhs_FODonMask_k0",680
"write_fhs_FODonMask_k1",681
"write_fhs_FODonMask_k2",682
"write_fhs_FODonMask_k3",683
"wr_timing_ext_trigger",684
"write_itr_timing_slp_to_act_trig_sync_spe",685
"write_itr_timing_idle_to_act_trig_sync_spe",686
"write_por_vcc_flt",687
"write_MskFltsHtr_PostCal",688
"write_dmux_init",689
"write_ReaderClock",690
"write_WriterClock",691
"write_AuxClock",692
"write_MaskGeneralFaults_Initiate",693
"write_MaskFaults_General",694
"write_MaskHeaterFaults_Initiate",695
"write_MaskFaults_Heater",696
"write_WtoRRec_0",697
"write_WtoRRec_1",698
"write_WtoRRec_2",699
"write_WtoRRec_3",700
"write_Fault_Detect_LowVCC_Pulse",701
"write_Fault_Detect_LowVEE_Pulse",702
"write_MskFltsHtr_sleep2rd",703
"write_sply_flt",704
"write_sply_veelowthreshold",705
"write_sply_sleeponlowvee",706
"checkerboard",707
"checkerboard_1",708
"checkerboard_100mhz",709
"checkerboard_100mhz_1",710
"WDX_WDY_6400bits",711
"checkerboard_100mhz_2",712
"fhscount_spc_4",713
"fhscount_spc_8",714
"fhscount_spc_127",715
"write1",716
"write2",717
"write3",718
"write4",719
"write5",720
"read1",721
"read2",722
"read3",723
"read4",724
"read2_r1",725
"read2_r2",726
"read2_r3",727
"read2_r4",728
"read2_r5",729
"digfunc_modes_0",730
"digfunc_modes_1",731
"write_dig_func",732
"w_osd_decode",733
"w_osa_decode",734
"w_iw_decode_0",735
"w_iw_decode_1",736
"w_iw_decode_2",737
"w_iw_decode_3",738
"w_iw_decode_4",739
"w_iw_decode_5",740
"w_dgfreqdiv_decode",741
"w_dgfreq_decode",742
"w_dgdur_decode",743
"r_gain_decode",744
"r_hfp_decode",745
"r_lfp_decode",746
"r_mr_range_decode",747
"r_mrbias_imr_decode_0",748
"r_mrbias_imr_decode_1",749
"r_mrbias_vmr_decode_0",750
"r_mrbias_vmr_decode_1",751
"r_zin_decode",752
"h_dac_decode_0",753
"h_dac_decode_1",754
"h_dac_decode_2",755
"h_dac_decode_3",756
"h_dac_decode_4",757
"h_dac_decode_5",758
"h_dac_decode_6",759
"h_dac_decode_7",760
"h_dac_decode_8",761
"h_dac_decode_9",762
"h_dac_decode_10",763
"h_dac_decode_11",764
"h_dac_decode_12",765
"h_dac_decode_13",766
"h_dac_decode_14",767
"write_hi_spd_mux_init",768
"write_hi_spd_mux_fhsmuxsel_0",769
"write_hi_spd_mux_fhsmuxsel_1",770
"write_hi_spd_mux_fhsmuxsel_2",771
"write_hi_spd_mux_lcmin",772
"write_hi_spd_mux_lfp0",773
"write_hi_spd_mux_lfp1",774
"write_hi_spd_mux_lfp2",775
"write_hi_spd_mux_lfp3",776
"write_hi_spd_mux_lfp4",777
"write_hi_spd_mux_lfp5",778
"write_hi_spd_mux_lcmin_end",779
"write_ion_current_1p8v",780
"write_forcefastrec_h",781
"write_wr_flt_timing_0",782
"TempFlt",783
"SupplyFltVCC",784
"SupplyFltVEE",785
"SupplyFltVEE_1",786
"VeryLowSupplyFlt",787
"WOpenFlt",788
"WShortFlt",789
"WTranFlt",790
"ROpenFlt",791
"HShortFlt",792
"HOpenFlt",793
"HOpenFlt_1",794
"DigSeqFlt",795
"FHSOpenFlt",796
"FHSShortFlt",797
"FHSPosFlt",798
"FHSPosFlt_1",799
"FHSNegFlt",800
"FHSNegFlt_1",801
"FHSBlankCountPos",802
"FHSBlankCountPos_1",803
"FHSBlankCountNeg",804
"FHSBlankCountNeg_1",805
"HeaterFalseFlt",806
